Trackmania Turbo,http://cdn.akamai.steamstatic.com/steam/apps/375900/header.jpg?t=1459454934,https://www.youtube.com/embed/3piye62BYf4,Trackmania offers you the ultimate arcade racing universe where everything is about reaching the perfect racing time. Test your skills in over 200 tracks and experience immediate fun by challenging your friends at home (offline splitscreen) or online.,3/24/2016,Racing; Sandbox
Draw Rider,http://cdn.akamai.steamstatic.com/steam/apps/448610/header.jpg?t=1459522393,https://www.youtube.com/embed/_B4wiIcdb9o,Draw Rider - a classic racing game made in 2D. Your goal is to get to the finish line within a certain time. In the game you will find a huge variety of levels and the passage of which will open various options for character customization.,3/29/2016,Racing; Sandbox
NBA 2K16,http://cdn.akamai.steamstatic.com/steam/apps/370240/header.jpg?t=1455211453,https://www.youtube.com/embed/T2BytGdeekA,NBA 2K is back with the most true-to-life NBA experience to date with NBA 2K16. Featuring an all-new MyCAREER experience written directed & produced by acclaimed filmmaker Spike Lee.,9/29/2016,Sports
Tom Clancy's Rainbow Six Siege,http://cdn.akamai.steamstatic.com/steam/apps/359550/header.jpg?t=1460982691,https://www.youtube.com/embed/lG9PuYxh_q0,Tom Clancy's Rainbow Six Siege is the upcoming installment of the acclaimed first-person shooter franchise developed by the renowned Ubisoft Montreal studio.,12/1/2015,Action; Adventure
Rocket League,http://cdn.akamai.steamstatic.com/steam/apps/252950/header.jpg?t=1456872237,https://www.youtube.com/embed/lDHXfTuIYTw,Soccer meets driving once again in the long-awaited and physics-based multiplayer-focused sequel to Supersonic Acrobatic Rocket-Powered Battle-Cars! Choose a variety of high-flying vehicles equipped with huge rocket boosters to score amazing aerial goals and pull-off incredible game-changing saves!,7/7/2015,Sports; Action
Dark Souls III,http://cdn.akamai.steamstatic.com/steam/apps/374320/header.jpg?t=1461078112,https://www.youtube.com/embed/_zDZYrIUgKE,Dark Souls continues to push the boundaries with the latest and ambitious chapter in the critically-acclaimed and genre-defining series. Prepare yourself and Embrace The Darkness!,4/11/2016,Action
Grand Theft Auto 5,http://cdn.akamai.steamstatic.com/steam/apps/271590/header.jpg?t=1459273772,https://www.youtube.com/embed/VjZ5tgjPVfU,When a young street hustler and a retired bank robber and a terrifying psychopath find themselves entangled with some of the most frightening and deranged elements of the criminal underworld and the U.S. government and the entertainment industry. They must pull off a series of dangerous heists to survive in a ruthless city in which they can trust nobody and least of all each other.,4/14/2015,Action; Adventure
DiRT Rally,http://cdn.akamai.steamstatic.com/steam/apps/310560/header.jpg?t=1460051766,https://www.youtube.com/embed/qlJiLu2HCg8,DiRT Rally is the most authentic and thrilling rally game ever made and road-tested over 80 million miles by the DiRT community. It perfectly captures that white knuckle feeling of racing on the edge as you hurtle along dangerous roads and knowing that one crash could irreparably harm your stage time.,12/7/2015,Racing; Sports
Dragon Ball Xenoverse,http://cdn.akamai.steamstatic.com/steam/apps/323470/header.jpg?t=1448899168,https://www.youtube.com/embed/q5_3aFbUuFc,DRAGON BALL XENOVERSE revisits famous battles from the series through your custom Avatar and other classic characters. New features include the mysterious Toki Toki City and new gameplay mechanics and new animations and many other amazing features!,2/26/2015,Action
Fallout 4,http://cdn.akamai.steamstatic.com/steam/apps/377160/header.jpg?t=1458619195,https://www.youtube.com/embed/X5aJfebzkrM,As the sole survivor of Vault 111 and you enter a world destroyed by nuclear war. Every second is a fight for survival and every choice is yours. Only you can rebuild and determine the fate of the Wasteland. Welcome home.,11/10/2015,Action; Adventure
Total War: Warhammer,http://cdn.akamai.steamstatic.com/steam/apps/364360/header.jpg?t=1461924413,https://www.youtube.com/embed/HyU_1-Py0dA,Addictive turn-based empire-building with colossal and real-time battles and all set in a world of legendary heroes and giant monsters and flying creatures and storms of magical power.,5/24/2016,Action; Strategy
Counter Strike: Global Offensive,http://cdn.akamai.steamstatic.com/steam/apps/730/header.jpg?t=1459546666,https://www.youtube.com/embed/edYCtaNueQY,Counter-Strike: Global Offensive will expand upon the team-based action gameplay that it pioneered when it was launched 14 years ago. CS: GO features new maps characters and weapons and delivers updated versions of the classic CS content.,8/21/2012,Action; Strategy
Street Fighter V,http://cdn.akamai.steamstatic.com/steam/apps/310950/header.jpg?t=1461895561,https://www.youtube.com/embed/2Q031RGnO4I,The legendary fighting franchise returns with STREET FIGHTER® V! Stunning visuals depict the next generation of World Warriors in unprecedented detail and while exciting and accessible battle mechanics deliver endless fighting fun that both beginners and veterans can enjoy.,2/16/2016,Action
Minecraft: Story Mode,http://cdn.akamai.steamstatic.com/steam/apps/376870/header.jpg?t=1459277760,https://www.youtube.com/embed/Sb7D8APneOA,In Minecraft: Story Mode you will be playing as either a male or female hero named 'Jesse' and you’ll embark on a perilous adventure across the Overworld; through the Nether; to the End; and beyond.,10/13/2015,Adventure
Final Fantasy IX,http://cdn.akamai.steamstatic.com/steam/apps/377840/header.jpg?t=1461723411,https://www.youtube.com/embed/OWbzaPqdR_U,Zidane and the Tantalus Theater Troupe have kidnapped Princess Garnet; the heir of Alexandria. To their surprise the princess herself yearned to escape the castle. Through a series of unusual circumstances; she and her personal guard fall in with Zidane and set out on an incredible journey.,4/14/2016,Adventure
The Elder Scrolls V: Skyrim,http://cdn.akamai.steamstatic.com/steam/apps/72850/header.jpg?t=1447354493,https://www.youtube.com/embed/QpvM9uwOcUc,The next chapter in the highly anticipated Elder Scrolls saga arrives from the makers of the 2006 and 2008 Games of the Year; Bethesda Game Studios. Skyrim reimagines and revolutionizes the open-world fantasy epic and bringing to life a complete virtual world open for you to explore any way you choose.,11/10/2011,Action; Adventure
